{
  "metadata": {
    "version": "Agent_V2_Optimized",
    "total": 70,
    "timestamp": "2026-04-21 15:56:47"
  },
  "metrics": {
    "avg_score": 3.842857142857143,
    "hit_rate": 0.8285714285714286,
    "agreement_rate": 0.8571428571428571
  }
}